date,07:00:00,08:00:00,09:00:00,10:00:00,11:00:00,12:00:00,13:00:00,14:00:00,15:00:00,16:00:00,17:00:00,18:00:00,19:00:00,20:00:00,21:00:00,22:00:00,23:00:00,00:00:00,01:00:00,02:00:00,03:00:00,04:00:00,05:00:00,06:00:00,...26,Parameter,Unit,RawConcentration,SiteName,pdxtime
2026-09-18,,,,,,,,,,,,,,,,,,6.9,7.3,6.9,6.9,6.8,6.8,,,,,,,
2026-09-17,7.6,7.6,7.2,6.6,6,6,5.6,5.2,5.9,5.2,4.8,5.5,6.2,6.3,5.9,6.8,7.1,,,,,,,,,,,,,
2026-09-16,9.1,8.7,7.7,7.5,6.2,5.9,5.2,,,,,,,,,,,7.8,7.5,7.9,7.9,7.8,8.3,8.9,,,,,,
2026-09-15,6.2,6.4,7.1,7.1,6.5,6.1,5.6,5.1,5.3,6,6.6,6.7,6.9,6.7,6.6,6.9,7,6,6.1,5.9,5.8,6.1,6.4,6.9,,,,,,
2026-09-14,4.8,5,4.9,4.3,3.6,3.8,3.7,3.7,3.7,3.9,4,4.1,4.5,5,5.3,5.3,5.5,4.8,5,5,4.7,4.8,4.7,4.7,,,,,,
2026-09-13,2.8,2.9,2.9,2.8,3,3.4,3.2,3.1,3.1,3.4,3.8,3.6,4,3.8,4.2,4.3,4.5,2.7,2.9,2.8,2.8,2.8,2.8,2.7,,,,,,
2026-09-12,5.5,5.6,5.5,5.5,5.2,5.2,4.3,3.7,3.4,3.3,2.5,2.7,3.3,2.8,3.1,2.9,2.8,5.2,5.7,5.5,5.6,6.2,6.1,5.7,,,,,,
2026-09-11,8.3,8.4,7,5.5,5.6,5.8,5.6,5.3,5.2,4.9,5,4.7,5,6.3,7.8,6,5.3,6.6,6.8,7.1,7,7.5,7.6,7.6,,,,,,
2026-09-10,8.7,8.7,7.7,6.8,6.4,7.2,8.5,9.4,8.3,4.6,3.4,4.3,5.6,6.2,6.2,6.5,7.1,9,8.4,8.3,8.2,8.1,8.1,8.2,,,,,,
2026-09-09,11.8,7.6,7.2,6.5,6.1,5.9,5.7,4.5,4.6,4,3.9,4.5,5,6.4,7.9,7.6,7.4,6.8,8,8.6,8.7,8.9,9,9.3,,,,,,
2026-09-08,6.2,5.9,6,6.6,6.6,5.5,5.1,5.5,5.5,5.5,5.6,5.9,6.4,7,7.2,7,7.1,4.4,4.5,4.7,5.2,5.6,5.6,5.7,,,,,,
2026-09-07,5.9,6,6.5,5.3,4.6,4.6,4.9,4.8,4.1,4.2,4.2,4,4.2,6.1,4.8,4,4.1,4.8,6.1,5.5,5.7,5.4,5.6,5.8,,,,,,
2026-09-06,5.3,3.7,4.3,4.6,5.1,5,5,5.2,5.5,4.8,4.2,4.8,5.7,5.9,5.6,4.5,4.6,4.1,4.5,4.7,4.5,4.6,4.8,4.8,,,,,,
2026-09-05,9.1,9.3,5.5,7.3,6,3.9,3.2,3.1,3.5,3.8,3.5,3.3,3.8,5.1,5.3,4.3,3.8,10.3,10.1,10.3,8.8,7.8,7.4,7.4,,,,,,
2026-09-04,3.6,3.6,4.1,3.6,3.2,3.5,4,3.7,2.9,4.2,4.3,4.7,5.1,6.8,8.2,8.8,9,5.2,5.2,4.7,4.1,3.9,3.8,3.6,,,,,,
2026-09-03,4.8,5,5.4,5.4,4.7,4,4,3.5,3,2.8,3.1,3.8,3.8,4.7,4.9,5.9,4.7,4.7,4.9,4.9,4.9,4.5,4.2,4.4,,,,,,
2026-09-02,3.3,3.2,2.8,3.2,3.7,4.2,4.4,3.6,2.7,2.7,2.8,2.9,3.4,3.3,3.7,4.3,4.4,3.3,3,3,3.1,3.1,3.2,3.3,,,,,,
2026-09-01,5.2,5.3,4.9,6.5,4.9,4.2,4.2,4.2,3.8,3.4,3.5,3.9,3,2.9,3.1,3.3,3.1,6.5,5,5.5,5.8,5.5,5,5.4,,,,,,
2026-08-31,7.2,7.5,7.3,6.8,7,6.9,7.1,7.6,8.8,24.2,30.3,56.6,92.5,121.5,124.8,66.4,6.9,5.9,6.1,6.3,6.5,6.8,6.9,7,,,,,,
2026-08-30,5.5,4.5,4.3,4.1,4,4,4.2,4.3,4.7,4.7,4.5,4.4,4.5,4.7,4.9,5.1,5.4,4.2,5.4,5,4.9,5.4,5.5,5.5,,,,,,
2026-08-29,4.9,5.1,5.1,4.3,4.1,4,3.4,3.3,3.6,3.4,3.3,3.1,3.1,3.2,3.6,3.6,4,3.8,4,4.1,4.2,4.2,4.4,4.7,,,,,,
2026-08-28,3.4,3.4,3,2.5,2.3,2.4,2.7,2.6,2.6,2.7,2.6,3.3,3.3,3.3,3.5,3.4,3.6,2.8,2.8,2.8,2.8,2.8,2.9,3.2,,,,,,
2026-08-27,2.4,2.5,2.7,2.7,2.8,2.8,2.8,2.9,2.5,2.8,2.9,2.9,2.6,2.6,2.8,2.6,2.6,2.2,2.7,2.7,2.5,2.5,2.5,2.5,,,,,,
2026-08-26,2.5,2.8,3.7,3.2,3.1,3.5,3.6,3,3.1,3.3,3,2.9,3.2,4.1,2.5,2.2,2,2.4,2.4,2.3,2.3,2.5,2.5,2.6,,,,,,
2026-08-25,9.6,8.8,7.6,6.4,6.6,7.3,6.8,6.4,5.2,4.6,4.9,5.4,5.4,3.8,3.4,2.8,2.4,10.4,10.9,11.4,12,12.6,12.4,10.1,,,,,,
2026-08-24,4.6,8.8,11.4,9.1,7.5,8.4,9.6,10.3,11.3,11,11,11.3,10.7,10.2,8.4,8.5,9.6,3.4,3.4,3.5,3.6,3.9,4.1,4.3,,,,,,
2026-08-23,2.1,2.1,2.1,2.2,2.2,2.3,2.6,2.6,2.6,2.6,2.7,3.1,3.2,3.3,3.2,3.4,3.5,2,1.9,2,2,1.9,2.1,2.1,,,,,,
2026-08-22,4,4.6,5.6,4.3,4.1,4.2,4.1,3.9,4.5,4.4,3.7,3.2,5.1,2.3,2.3,2.1,2,7.5,7.2,6.4,6,4.6,4.5,4.5,,,,,,
2026-08-21,9.9,10.7,9.5,8.3,8,8.5,8.5,8.4,8,8.2,8.7,9.3,9.6,10.5,11.2,10.4,7.8,11.1,10.4,9.8,9.9,9.9,9.8,9.7,,,,,,
2026-08-20,8.7,10.4,11.8,14,12.4,12,14,18.1,12.1,6.6,5.1,5.8,7.9,8.8,10.4,10.6,9.5,6.5,6.7,6.3,6.2,6.4,6.6,6.8,,,,,,
2026-08-19,7.2,7.1,7.5,6.9,5.5,5,5.5,6.3,7.6,11.7,10.4,9.7,9.5,8.8,7.2,5.9,6.1,6.4,5.9,5.3,5.1,4.9,4.9,6.5,,,,,,
2026-08-18,19.9,19.4,20.3,20.2,20.2,20.2,20.7,19.8,18.2,17.3,15,14.4,13.5,12.6,9.5,7.6,7.2,12.9,13.2,13.4,14.3,15.1,16.1,19.1,,,,,,
2026-08-17,8.3,9.5,12,12.6,15.6,19.2,11.7,9.7,9.6,13.8,14.2,12.2,10.9,12.1,12,10.4,12,5.3,5,4.9,4.9,5.8,6.5,7.2,,,,,,
2026-08-16,5,5.1,4.8,5.3,7.4,9.5,9.5,8.6,7.7,7.9,6.3,7.2,5.7,6.3,5.9,6.4,5.9,5.5,5.2,4.9,4.5,4.7,4.4,4.5,,,,,,
2026-08-15,5.6,6,6.5,7.3,7.4,7.5,8.2,8.7,9.5,10.3,10.6,9.4,8.6,8.1,7.3,5.7,5.4,5.3,5.3,5.7,5.3,5.1,5.1,5.3,,,,,,
2026-08-14,8.6,9.4,10.2,10.7,11.5,12,12.5,13.3,14.6,15.7,15.8,14.9,9.3,7.9,6.1,4.9,5,8.5,8.6,8,7.6,8.7,8.8,9.7,,,,,,
2026-08-13,5.7,6,7,6.8,7.1,7.9,8.4,11.1,20.1,20,22.3,23.3,13.9,9.5,8.4,8.4,8.3,5,4.9,5,5,5.1,5.4,5.8,,,,,,
2026-08-12,2.8,2.9,2.5,2.9,3.1,3.7,3.9,3.9,3.9,3.7,3.5,3.5,3.7,4,4.3,4.9,5.2,2.8,2.7,2.3,2.7,2.7,2.7,2.6,,,,,,
2026-08-11,3.7,3.8,3.8,3.6,3.1,2.9,3.1,2.7,2.5,2.8,2.8,2.6,2.7,2.7,2.6,2.5,2.6,3.3,3.2,3.3,3.2,3.1,3.2,3.4,,,,,,
2026-08-10,3.7,3.8,4.2,4.5,4.9,4.9,4.8,4.4,4.1,3.9,3.8,3.7,3.7,3.6,3.5,3.5,3.4,3.3,3.4,3.7,3.4,3.4,3.4,3.7,,,,,,
2026-08-09,4.3,4.2,4.5,4.6,4.4,4.3,5.2,5.1,4.8,4.4,3.7,3.6,4.1,3.2,3.1,3.2,3.1,3.2,3.4,4.1,5.5,4.1,4.3,4.4,,,,,,
2026-08-08,6.1,6,6,6.3,5.7,4.7,3,3.5,3.5,2.8,2.3,2.9,3.7,3.6,3,3,3.1,12.9,12.3,11.7,10.2,8.5,7.2,6.8,,,,,,
2026-08-07,10.6,11.3,13.2,14.2,16.6,17,17.7,20,13.6,13.6,13.1,12.9,15.9,18,17.3,17.1,14.8,15.2,14,13.5,13.4,12.5,12.1,11.2,,,,,,
2026-08-06,18.3,20.8,33.5,41.9,40.1,42.6,52.6,56.6,43.6,33.3,33.3,28.1,23.3,23,21,16.2,15.5,53,55,55.5,53.5,50.6,47,31.4,,,,,,
2026-08-05,56.3,54.7,52.2,52.3,53,58.4,61.7,62.9,63.3,69.7,70.1,70.5,69.7,71,71.1,59.6,51.6,52.2,53.3,52.8,54,55.1,58.7,58.6,,,,,,
2026-08-04,26.9,28.6,30.4,33.9,38,42.6,50.3,54.6,94.8,90.1,58.7,53.2,51.1,50.3,51.4,54.4,52,36.6,37.2,35.3,32.1,28.2,26.5,26.2,,,,,,
2026-08-03,4.3,4.1,4.2,4.9,9.8,16.2,26.6,34,32.7,32.5,31.6,31.9,32.8,29.4,32,38.4,37.8,3.1,3.2,3.4,3.4,3.7,3.9,4.1,,,,,,
2026-08-02,3.9,3.9,3.8,3.8,3.7,3.6,3.6,3.2,3.4,3.9,3.6,3.6,4.8,4.1,3.4,3.1,3,3.6,3.8,4.4,5.4,4.9,4,4,,,,,,
2026-08-01,,,,,,,,2.3,2.8,2.9,3.2,3.2,2.8,3.1,3.3,3.3,3.6,-1,5.5,-0.5,0.2,0.6,0.8,,,,,,,
2026-07-31,,,,,,,,,,-2,9.1,4.3,3.6,-1.5,0.3,2.7,-0.9,6.4,9.4,6.4,5.5,5,5.2,,,,,,,
2026-07-30,4.1,4.4,4.6,4.8,5.1,5.4,5.5,5.4,4.5,4.3,4.3,4.2,4,4,4,4.2,4.6,4.2,4.5,4.4,4.5,4.5,4.4,4.3,,,,,,
2026-07-29,5.6,5.8,5.6,5.4,5.1,,3.7,3.8,3.4,3.6,3.8,3.5,3.4,3.2,3.9,4.2,4.2,4.2,4.4,4.6,4.5,4.6,4.9,5.1,,,,,,
2026-07-28,4.3,4.2,4,3.9,3.8,3.7,3.7,3.4,3.4,3.4,3.8,3.5,3.1,3.5,3.8,4.1,4.4,4.8,4.9,4.5,4.6,4.4,4.2,4.2,,,,,,
2026-07-27,3.1,3.3,3.3,3.5,3.6,3.6,3.6,3.5,3.5,3.5,3.2,3.4,3.7,5.2,4.8,4.9,4.8,3.5,4,3.8,3.8,3.6,3.9,4.3,,,,,,
2026-07-26,2.9,2.9,3.1,3.5,3.4,3.3,3.6,3.5,3.4,3.1,3,3,3.4,3.7,3.5,3.5,3.4,3,3,3.5,3.5,3.5,3.3,3.2,,,,,,
2026-07-25,4.3,4.6,4.9,5.2,5,4.6,4.6,4.5,4,4,3.9,3.4,3.5,4.3,3.4,3,3,4.7,3.9,4,3.9,4.1,4.2,4.3,,,,,,
2026-07-24,5.5,6.1,6.7,6.4,6.2,6.3,6.5,6.8,6.9,6.8,6.8,6.5,6.5,6.3,6.1,5.7,5.3,4.6,4.4,4.4,5,5.5,5.3,5.7,,,,,,
2026-07-23,10.2,10.7,11.7,9.4,9.2,9.3,9.8,9.9,9.5,8.5,7.5,6.9,6.1,5,4.9,5,4.8,11.9,11.4,11.5,9.8,10.5,9.9,9.6,,,,,,
2026-07-22,15.2,17.3,21.9,23.6,23.9,26,26.7,26.8,25.5,23.5,23.7,20.2,17.9,18.7,11.5,7,6.1,15.6,15.4,15.4,15.5,14.7,14.5,14.9,,,,,,
2026-07-21,12,12.7,14.1,15.5,16.5,20.5,24.7,29.1,38,44.8,46.9,36,23.8,17.8,16.3,13,14.3,10.2,9.8,10.2,10.4,11,11.8,12.1,,,,,,
2026-07-20,6.3,6.6,6.3,6.4,6.7,7,7.4,8.1,9,11.1,11.4,8.8,8.8,10,11.1,13.2,11.1,5.6,5.6,5.7,5.7,5.8,6,6.2,,,,,,
2026-07-19,5.6,6.1,6.6,7,6.9,5.7,5,5.1,5.2,5.1,4.7,5.4,5.2,4.9,5.2,5.2,5.3,4.4,4.2,4.4,4.5,4.5,4.7,5.4,,,,,,
2026-07-18,4.4,4.4,4.2,3.9,3.6,4.2,4.9,4.8,4.5,4.4,4.6,4.7,4.8,4.6,4.5,4.5,4.4,4.3,4.4,4.3,4.3,4.4,4.4,4.6,,,,,,
2026-07-17,4.7,4,3.6,4.5,5.1,5.5,5.8,5.8,5.5,5,4.6,4,3.6,3.8,4.2,4.4,4.4,5.2,5.8,5.6,5.8,5.4,5.4,5.2,,,,,,
2026-07-16,6.4,6.6,6.8,6.7,6.7,7.4,8.1,7.6,7.6,7.4,6.8,6.8,8.8,9.7,8.3,5.2,4.8,5.8,5.7,6.2,6,6,6.1,6.3,,,,,,
2026-07-15,6.2,6,6.3,6.3,7,7.2,5.5,5.7,6,5.7,5.3,5.2,6.2,6.6,6.2,5.8,5.7,4.2,4.3,4.1,4.2,4.9,5.2,5.7,,,,,,
2026-07-14,5.1,4.5,4.3,4.2,,5.6,5.9,5.4,5.3,5.5,5.6,5.5,4.7,4.4,4.8,4.5,4.3,4,4.2,4,4.2,4.2,4.2,4.8,,,,,,
2026-07-13,4.2,4,3.8,3.7,3.5,3,2.7,2.6,2.2,2.3,2.6,2.7,2.4,2.7,3.4,3.4,3.8,3.5,3.5,3.5,3.6,3.6,3.9,4.2,,,,,,
2026-07-12,2.7,2.5,2.5,2.7,2.7,2.6,2.2,1.9,2,1.9,2,2.6,2.2,2.5,3.1,3.2,3.4,2.4,2.4,2.3,2.3,2.4,2.5,2.6,,,,,,
2026-07-11,2.5,2.4,2.3,2.6,2.6,2.8,2.9,2.8,2.6,2.3,2.4,2.6,2.7,2.8,3.1,2.6,2.6,2.6,3.2,3,3,3.3,3.2,3,,,,,,
2026-07-10,3.7,3.8,4.1,4.4,4.2,3.7,4.1,4.2,3.5,3.5,3.3,2.6,2.4,2.4,2.5,3.2,3.2,3.4,3.5,3.4,3.5,3.4,3.6,3.8,,,,,,
2026-07-09,3.1,3.4,3.7,4.1,3.8,3.6,3.6,3.4,3.1,3.2,2.8,2.6,3,3.2,3.8,4.2,4,3,2.8,2.9,2.8,2.7,2.7,2.8,,,,,,
2026-07-08,2.2,2.3,2.4,2.6,2.5,2.5,2.5,2.6,2.7,2.9,2.6,2.6,2.7,2.8,3.2,3.4,3.2,2.3,2.4,2.8,2.9,2.5,2.3,2.2,,,,,,
2026-07-07,4.5,4.7,5.2,6,6.9,7.5,6.6,6.4,6.8,4.5,3.2,2.9,3,2.5,2.5,2.5,2.5,7.6,6.8,6.3,5.7,5,4.7,4.5,,,,,,
2026-07-06,5.2,5.3,5.6,6.1,7.1,7,7.5,7.8,8.5,8.9,8.6,8.1,7,6.9,8,8.6,8.8,3.6,3.7,3.9,4.1,4.4,4.6,4.9,,,,,,
2026-07-05,5.8,6.6,7,8.1,9.4,10.9,11.6,10.6,9.5,6.6,5.1,4.5,4.2,3.8,3.5,4.2,3.8,4.9,4.5,4.1,4.4,4.5,4.6,4.9,,,,,,
2026-07-04,3.2,3.1,2.9,3,3.2,3.3,3.2,2.7,3.1,3.4,4,3.4,3.9,4.3,8.1,9.3,6.4,3.1,3,2.8,3,3.4,3.8,3.5,,,,,,
2026-07-03,2.9,2.6,2.3,2.3,2.3,2.6,2.8,3.1,3.1,3,2.9,3,3.1,3.2,3.4,3.5,3.1,3.9,4.2,3.7,3.3,3.2,3.2,3.1,,,,,,
2026-07-02,4.5,3.1,3.3,3.6,4.1,3.9,3.5,3.2,3.4,3.3,3.4,3.3,3.3,2.9,2.8,5.9,4,3.8,3.8,3.6,3.5,3.7,4.2,5.2,,,,,,
2026-07-01,4.7,4.8,4.8,4.2,3.4,3.6,3.8,4.3,4.5,4.7,4.8,5.2,5.5,5,4,3.8,3.6,3.8,3.9,4,4.1,4.1,4.5,4.5,,,,,,
2026-06-30,2.6,2.7,2.5,2.9,3.1,2.5,2.9,2.7,2.8,2.9,3.2,3.3,3.1,3.2,3.6,3.7,3.7,2.7,2.3,2.4,2.5,2.4,2.5,2.6,,,,,,
2026-06-29,2.2,2.2,2,1.9,1.9,2,2.1,2.2,2.6,2.7,2.5,2.7,2.7,2.9,3.1,3,3.3,1.9,1.8,1.8,1.9,1.8,1.9,2,,,,,,
2026-06-28,2.9,2.7,2.1,2,2.1,2.2,2.5,2.5,2.5,2.4,2.6,2,2,1.9,1.9,1.9,2,3.2,2.9,3,2.9,3,3.2,3,,,,,,
2026-06-27,,,,,,,,,,,,2.5,2.7,2.8,2.8,2.7,2.9,2.2,2,2,2,2.1,2.1,,,,,,,
2026-06-26,2.1,2.3,2.5,2.7,3,3.2,3.3,3,2.3,2,1.8,2,2.2,2.4,2.1,1.9,2.3,2.3,2.4,2.1,2,2,1.9,1.8,,,,,,
2026-06-25,4.7,5.1,5.2,5,5.3,5.1,4.9,5.1,4.6,4.2,3.4,3.5,3.5,3.5,2.6,2.5,2.6,3.9,4.4,4.6,4.8,4.9,5,5,,,,,,
2026-06-24,7,6.6,6.4,5.6,6.1,6,5.9,5.5,5.1,4.2,3.4,2.5,2.4,2.6,3.2,3.5,3.8,5.3,5.7,6.6,6.6,6.7,7,7.3,,,,,,
2026-06-23,6.5,6.7,6.9,6.8,7,7,8.2,8.1,7.5,6.7,6,5.8,6.3,6.4,6,5.4,5.2,4.9,4.8,4.9,5,5.1,5.4,6.2,,,,,,
2026-06-22,7,6.8,6.7,6.7,5.9,5,4.8,5.4,5.8,5.4,5.2,5.3,5.6,5.3,5.2,5.3,5,6.3,6.4,6.8,6.3,6.3,6.3,6.6,,,,,,
2026-06-21,4.6,4.7,4.7,4.8,4.8,4.6,5.1,4.9,4.5,4.5,4.9,4.9,4.9,5.1,5.2,5.2,5.8,4.2,4.2,4.2,4.9,4.7,4.3,4.3,,,,,,
2026-06-20,5.1,5,5,4.7,4.7,5,5.1,5.3,5.3,5.3,5.4,5.3,5.7,5,4.9,4.8,4.5,6,5.6,5.6,5.3,4.8,4.7,5,,,,,,
2026-06-19,4.9,4.6,4.7,5.1,5.7,6.7,7,6.7,6.2,6.1,6,5.8,5.3,4.5,4.5,5.2,6.5,4.1,4,3.9,4.2,4.4,4.6,4.9,,,,,,
2026-06-18,3.8,4,4.5,5,4.6,4.4,4,4,3.9,3.5,3.3,3.5,3.2,3.3,3.4,3.6,3.5,3.2,3.3,3.4,3.5,3.5,3.6,3.8,,,,,,
2026-06-17,,,,,,,,,,,,3.4,3.8,4.2,3.6,3.4,3.2,2.6,2.7,2.8,2.8,2.7,2.8,,,,,,,
2026-06-16,3.1,3.4,3.4,3.1,2.6,2.2,2,2.5,2.7,2.6,2.3,2.2,2.2,2.3,2.5,2.5,2.6,2.3,2.6,2.8,2.6,2.7,3,3.3,,,,,,
2026-06-15,27.1,32.2,33,27.9,24.3,21.5,13.8,8.4,6.3,6.8,6.3,6.7,4.9,3.8,2.8,2.3,2.3,6.2,6.5,6.6,9.9,8.1,9.9,13,,,,,,
2026-06-14,5.1,4.7,4.9,5.6,3.4,2.9,2.8,2.8,2.8,2.8,3,3.5,3.9,4.5,5,5.6,5.9,5.3,5,5,5.2,5.2,5.2,5.3,,,,,,
2026-06-13,3.7,3.8,4,4.1,4.1,3,2.4,2.5,2.4,2.5,2.4,3.3,3.6,3.8,4.1,4.7,5.2,2.9,3,3.1,3.3,3.3,3.4,3.8,,,,,,
2026-06-12,2.3,2.5,2.7,3,2.9,3,2.9,2.7,2.9,2.9,2.8,2.6,2.9,3.1,3.3,3.2,3.1,2.5,2.4,2.4,2.4,2.5,2.3,2.2,,,,,,
2026-06-11,3.8,4.4,3.8,4,3.3,2.8,2,1.9,2.1,2.5,2.6,2.7,2.6,2.7,2.7,2.8,2.7,2.5,2.6,2.8,2.5,2.5,2.8,3.4,,,,,,
2026-06-10,2,2.1,2,2,2.1,2.1,2.3,2.3,2.4,2.4,2.4,2.1,1.9,2,2.4,2.4,2.2,2.5,2.2,2.3,2.5,2.3,2.2,2.2,,,,,,
2026-06-09,1.9,1.8,1.9,1.9,1.7,1.6,1.8,1.6,1.7,1.8,1.9,1.8,1.6,1.8,2.1,2.1,2.3,2,2.1,1.8,1.8,1.9,1.9,1.9,,,,,,
2026-06-08,4,3.7,3.5,3.1,3.9,,4.2,4.1,6.1,6.1,3.6,2.4,2,2,1.9,2.6,1.9,8.1,7.2,5.5,5.1,4.8,5.2,6.1,,,,,,
2026-06-07,2.7,2.3,2.3,1.9,2,2,2.1,2.2,2.3,2.2,2.3,2.2,2.2,2.7,3.2,5.2,7.1,2.4,2.7,2.5,2.3,2.3,2.7,2.8,,,,,,
2026-06-06,2.5,2.3,2.1,2.1,2.3,1.9,2.1,1.9,1.8,1.9,1.9,2,2.2,2.1,2.2,2.3,2.5,2.5,,2.4,2.4,2.6,2.5,2.4,,,,,,
2026-06-05,3.2,3.2,3.5,3.3,3.1,3.1,2.7,,2.1,2,2.3,3,2,2.2,4.2,3.4,3.1,2.8,2.7,2.6,2.7,2.6,2.8,3,,,,,,
2026-06-04,1.9,2.1,2.1,2.4,2.3,2.2,2.5,3.1,3.3,3.2,3.2,3.2,4,3.1,3.1,2.8,2.8,1.7,1.6,1.6,1.8,1.9,1.9,1.8,,,,,,
2026-06-03,4.7,4.6,4.6,4.6,4.7,4.1,3.4,3.5,3.7,3.8,3.2,2.6,1.9,1.6,1.6,1.7,1.6,4.6,4.8,4.8,4.4,4.5,4.7,4.8,,,,,,
2026-06-02,4.9,4.6,4.2,4.4,4,3.6,3.7,4.1,4.1,4.1,3.8,3.9,4,4.6,4.4,4.5,4.5,3.6,3.7,3.8,4,4.3,4.7,4.9,,,,,,
2026-06-01,4,4.2,4.3,4.5,4.1,3.7,3.7,3.7,3.6,3.4,3.5,3.7,3.6,3.4,3.5,3.5,3.6,3.3,3.4,3.6,3.4,3.6,3.7,3.8,,,,,,
2026-05-31,3.2,2.8,2.8,2.9,3.2,3.3,3.4,3.4,3.5,3.5,3.4,3.3,3.3,3.3,3.3,3.2,3.1,,2.6,2.6,2.8,2.8,3.3,4.1,,,,,,
2026-05-30,,,,,,,,,,,,,,,,,,3.1,3.5,3.6,4.1,4.3,4.8,6.2,,,,,,
2026-05-29,,,,,,,,,4.3,4.2,3.7,3.5,3.5,3.4,3.4,3.6,3.2,2,1.6,1.8,1.6,2.2,3.1,1.6,,,,,,
2026-05-28,6.7,7,7.7,7.6,6.8,6,5.9,6.4,6.2,5.7,5.4,5,3.9,3.3,3,2.7,2.8,6,,,,,,6.6,,,,,,
2026-05-27,,4.4,4.4,4.2,4.4,4.5,4.3,3.9,3.3,3.3,3.3,3.5,3.7,4.3,4.8,4.9,5.3,,,,,,,,,,,,,
2026-05-26,,,2.8,2.8,2.8,2.3,1.9,2.2,2.3,2.3,2.2,2.1,2.1,2.3,2.4,2.6,2.6,,,,,,,,,,,,,
2026-05-25,4.3,4.4,4.1,3.6,3.8,4.1,3.7,3,2.8,3,3.1,3.3,2.8,2.6,2.5,2.5,2.4,2.7,2.9,3.1,3.5,4.7,4.3,4,,,,,,
2026-05-24,4.1,4.3,4.7,4.6,4.4,4.2,4.2,4,4,3.6,3.8,3.9,3.7,4.1,4.8,4.7,3.8,4.9,5.5,5.5,5.5,5.2,4.4,4.3,,,,,,
2026-05-23,2.1,2.1,2.1,2.2,2.3,2.5,2.4,2.3,2.2,2.3,2.3,2.6,3,3.8,4.4,4.7,4.8,2.7,,,,,,,,,,,,
2026-05-22,4.3,4.7,5.1,5.5,5.9,5.8,5,4.5,3.5,3.9,4,3.9,3.9,4.2,3.6,2.8,2.6,4.3,,,,,,,,,,,,
2026-05-21,6.6,6,5.8,5.9,5.5,4.9,5,4.7,4.1,3.4,3.1,3.9,4,3.8,4.3,4.4,4.2,4.5,,,,,,5.9,,,,,,
2026-05-20,,,2.9,3.1,3.4,4.1,4.1,3.7,3.5,3.7,3.8,3.8,3.9,3.9,4.1,4.9,4.3,,2.3,2.3,2.5,2.5,3,3,,,,,,
2026-05-19,,3.4,3.5,3.3,3,2.8,2.3,2.5,2.1,2.1,2.3,2.5,2.3,2.2,2.1,2,2.1,,,,,,,,,,,,,
2026-05-18,5.6,4.5,3.8,3.4,3.4,3.2,3.2,3.1,3.3,3.2,2.8,3,3.2,2.6,2.5,2.5,2.6,3.8,3.8,3.8,4.1,5.2,6.5,6.3,,,,,,
2026-05-17,,,3,3.1,3.3,3,2.7,2.6,2.6,2.7,2.8,2.6,2.6,2.8,3,3,3,,,,,,,,,,,,,
2026-05-16,,,2.6,2.1,1.9,1.9,1.7,1.9,1.8,1.9,1.9,2,2.2,2.6,3,4.7,2.9,2.9,2.7,2.7,2.8,3.1,3,3,,,,,,
2026-05-15,,3.6,3.3,3.2,3.2,3.3,2.8,3,2.8,2.8,2.6,3.1,3.1,3,2.6,2.9,2.7,,,,,,,,,,,,,
2026-05-14,2.4,2.3,2.2,2.2,2.3,2,2.2,2.2,2.6,2.7,2.8,2.9,3.3,3.9,5,3.6,2.7,2.4,2.6,2.4,2.6,2.7,2.6,2.7,,,,,,
2026-05-13,2.2,2.2,2.3,2.6,2.5,2.6,2.3,2.4,2.3,2.2,2.3,2.2,2.1,2,2,2.1,2,3.8,3.8,4,4.3,3.9,2.4,2.2,,,,,,
2026-05-12,4.9,5.5,5,5,5.2,5.8,5.6,5.8,5.1,5.1,4.8,5.4,5,4.7,7.1,4.4,4.1,,4.1,4.3,4.5,4.7,4.8,4.6,,,,,,
2026-05-11,3.1,4.4,3.8,3.2,3.3,3.6,3.6,3.5,3.5,3.4,3.5,3.5,3.8,3.6,3.8,3.9,4.1,,2.3,2.1,2.2,2.8,2.9,3,,,,,,
2026-05-10,,,,,,,,,,,2.7,2.8,2.7,2.8,2.9,2.6,2.5,,,,,,,,,,,,,
2026-05-09,,,,,,,,,,,,,,,,,,5.4,5.2,5.2,5.3,5.4,6.1,8.2,,,,,,
2026-05-08,5.3,5.4,5.7,6.1,6.5,5.9,6.2,6.3,6.2,5.7,5.3,5.3,5.8,6.1,5.5,5.2,5.2,5.5,6.6,6.2,6.6,6.7,6,5.7,,,,,,
2026-05-07,4.5,4.4,4.7,4.8,5.1,5.2,5.3,5.2,4.9,4.5,4.1,4.1,4.4,4.8,6.1,6.7,6.6,3.1,3.2,3.6,4.2,4.9,5.1,5.1,,,,,,
2026-05-06,,,,,,,,,,,,,,,,,3.2,,,,,,,,,,,,,
2026-05-05,3.2,3.1,2.9,3.2,3.8,4.5,4.7,5.8,6.2,6.2,6,6,6.1,7.8,8.9,8.9,9.1,3,2.9,2.7,2.6,2.7,2.7,3,,,,,,
2026-05-04,4.4,4.4,4.6,4.7,4.8,5.6,6,6.6,7.3,7.4,6.9,6.4,5.8,5,4.2,3.9,3.4,6.8,8.3,8.3,7.5,6.1,5,4.4,,,,,,
2026-05-03,16.5,13.2,10.7,10.6,8.6,8.1,7.4,6.1,5.2,5.3,4.9,5.3,5.4,6.2,6.4,6.2,6.1,20.4,20,19.5,19.5,17.5,17.3,18.1,,,,,,
2026-05-02,5,6.3,9.3,8.4,7.8,9.2,9.3,8.6,8.7,8,8.4,8,10.2,11.2,13.6,15.9,24.7,4.8,4.5,4.4,4.5,4.6,4.7,4.6,,,,,,
2026-05-01,6.8,6.9,6.1,6.4,6.9,7.3,7.3,7.3,7.7,7.8,6.7,6.5,6.3,6.2,5.9,5.4,5.1,6.3,6.7,7.3,7.5,7.5,8,7.4,,,,,,
2026-04-30,8.1,6.3,5.1,5.6,5.4,5,4.4,4,3.9,4.2,5.2,4.6,4.2,4,4.6,5.3,6,5.9,5.7,6.4,6.9,7.2,6.8,7.2,,,,,,
2026-04-29,6.3,7.2,7.4,6.9,5.7,5.4,5.8,5.6,5.2,4.7,4.6,4.7,5.1,5.3,6,5.9,4.9,4.1,4,4,4,4.2,4.3,4.9,,,,,,
2026-04-28,3.6,3.3,3,3.1,3.9,4.2,3.4,3.9,4,4.3,4.8,4.7,4.1,3.8,4.2,4.6,4.2,2.7,3,2.9,2.7,2.7,2.9,3.5,,,,,,
2026-04-27,7.5,7.3,7.1,7.1,5.9,5.7,5.5,5.5,5.9,6.5,6,5.6,6.4,6.7,3.2,3.3,3.2,6.3,7.2,6.8,6.9,7.2,7.7,7.7,,,,,,
2026-04-26,6.9,5.3,4.4,4.6,3.6,3.3,3.4,3.4,2.8,2.6,2.8,3.6,4.9,3.5,3.8,4.8,5.8,4.7,4.9,5.5,6.5,7.6,8,7.4,,,,,,
2026-04-25,5.8,4.3,3.3,3.1,2.7,2.4,2.2,2.4,2.5,2.4,2.5,2.6,2.8,3.4,3.6,3.9,3.8,4.3,4.9,5.2,5.6,6.1,6,5.7,,,,,,
2026-04-24,7.6,6.2,5.9,5.6,4.4,3.3,2.5,2.7,2.7,2.9,3.6,3.4,2.9,2.8,3.1,3.4,3.9,7.5,8.2,8.2,7.9,7.6,6.7,6.5,,,,,,
2026-04-23,5.5,5.2,5,4.9,4.4,4.8,5.1,5.2,5.2,5.3,5.6,5.8,6.1,6.3,7.1,6.9,7.5,5.4,6.3,5.8,5.4,5.7,5.6,5.7,,,,,,
2026-04-22,2.6,,2.6,2.6,2.6,2.7,2.7,2.7,2.5,2.5,2.5,2.3,3.7,5.6,4.5,4.6,4.9,2.4,2.5,2.5,2.9,2.5,2.4,2.3,,,,,,
2026-04-21,5.1,5.4,3.4,2.7,2.6,2.3,2.4,2.9,3.2,2.9,2.4,2.1,2.9,2.9,3.4,4.6,4.8,6.1,4.3,4.5,4.8,5.8,6.8,4.8,,,,,,
2026-04-20,4.4,4.2,4,4.1,4.6,4.4,4.4,5.1,4.2,4,4.9,3.6,3.8,5.1,5.8,5.5,6.1,3,3.3,3.1,3.1,2.7,2.9,3.2,,,,,,
2026-04-19,2.6,2.5,2.7,2.6,2.6,2.5,2.6,2.7,3,3.2,3,3.1,3.5,3.4,3.1,2.6,2.8,3.2,3,5,5.5,5.1,4.5,4.1,,,,,,
2026-04-18,8.9,6.5,3.8,2.6,2.5,2.5,2.6,2.6,2.7,2.7,2.8,3,3.9,6.5,9.1,4.9,3.6,5.7,6,6.3,6.4,7.4,9.1,10.3,,,,,,
2026-04-17,4.6,5.1,3.7,3.2,3.2,3.2,3,3,3,3,3.3,4,4.2,4.1,5.1,5.3,5.9,3,7.9,12.2,4.9,4.6,4.4,4,,,,,,
2026-04-16,3.3,2.7,2.5,2.4,2.5,2.4,2.6,3.4,2.7,2.8,2.6,2.8,3,2.8,2.7,2.7,2.7,2.4,2.3,2.1,2,2.4,2.7,3.1,,,,,,
2026-04-15,3.6,3.9,3.1,2.8,2.6,2.5,2.1,1.9,1.8,1.8,1.8,1.9,2,2.5,2.1,2.6,2.5,1.7,1.6,1.6,1.6,1.6,2.9,3.4,,,,,,
2026-04-14,2.3,2.3,2.4,2.4,2.5,2.6,2.6,2.5,2.8,2.6,2.5,2.5,2.3,2.2,2,1.9,1.8,2.2,2.5,2.8,2.5,2.3,2.2,2.2,,,,,,
2026-04-13,2.1,2.1,1.9,1.9,1.8,2,2.1,2.2,2.3,2.6,2.7,2.6,2.4,2.6,2.6,2.1,2.2,2.7,2.6,2.9,2.6,2.4,2.2,2.2,,,,,,
2026-04-12,4.1,4.3,2.7,2.4,2.6,2.6,2.6,3,3.1,3.3,3,2.9,3.7,4.9,5.1,6.1,4.9,2.2,2.5,2.6,2.5,3.4,4,4.8,,,,,,
2026-04-11,3.7,4,4,4,4.6,4.9,3.3,3.5,3.4,3.3,3.2,4.5,5.5,5.1,2.3,2.2,2.3,4.4,4.2,4.1,4.2,4.7,4.9,3.7,,,,,,
2026-04-10,8.9,9.6,7.3,6.7,6.1,5.6,5.8,4.8,3.8,3.5,4.1,6,4.3,4.3,5.4,5.2,4.9,6.1,6.9,6.6,7,7.9,8.3,8.4,,,,,,
2026-04-09,6.9,6.5,6,5.9,5.2,4.9,4.7,4.6,4.6,4.4,4.1,3.8,4.4,3.7,3.9,4.8,6.7,5.1,5.3,5.1,5.1,5.5,6.5,7.6,,,,,,
2026-04-08,6.5,6.6,6.2,6.1,6.4,5.9,5.6,5.5,5.2,5.1,4.8,4.2,4.4,5.7,6,4.7,4.7,3.8,3.8,3.9,4.4,4.7,4.9,5.2,,,,,,
2026-04-07,3.3,3.6,3.9,4,4.2,4.8,4.8,4.9,4.8,4.7,4.7,4.8,5.1,5.7,5.7,4.1,3.9,3.4,3.1,3.2,3.1,3,3.2,3.5,,,,,,
2026-04-06,9.4,5.2,5.1,5,4.6,4.2,3.6,4.1,4.3,4,4.4,4.4,4.3,4.3,3.8,3.6,3.5,4.4,5.2,5.2,5.5,5.6,7.1,7.7,,,,,,
2026-04-05,4.8,4.9,4.4,3.7,3.4,3,2.5,2.5,2.4,2.5,2.8,2.9,3.8,4.8,4.9,3.3,3.4,4,3.8,4.2,4.2,4.3,4.3,4.5,,,,,,
2026-04-04,5.1,4.2,2.9,3.2,2.9,2.9,3.4,3.2,3.3,3.2,3,3.2,3.8,4.4,4.6,4.6,4.5,4.4,4.3,4.1,4.4,4.9,5.1,5.3,,,,,,
2026-04-03,7.9,6.3,6.3,5.2,5.2,3.6,3,3.3,3.5,3.1,2.4,2.2,2.7,3.8,4.7,6.1,4.8,8.5,10.4,9.8,10.1,13,10.5,9.5,,,,,,
2026-04-02,2.2,2.1,1.9,2,2.3,2.2,2.2,2.2,2.3,2.5,3.1,2.7,2.4,2.5,3.6,4.7,5.6,1.9,1.7,1.7,1.7,1.8,1.9,2.1,,,,,,
2026-04-01,1.7,2,2.3,2.2,1.8,1.8,1.6,1.8,1.7,1.6,2,1.8,2.1,2.4,2.5,2.2,2.3,4,3.8,3.7,4.2,3.5,2.8,2.4,,,,,,
2026-03-31,2.6,2.3,2.3,2.3,2.1,2,2.3,2.6,2.8,3.9,4.3,3.7,4,4,4.5,5,4.4,2.8,3.6,3.3,3.3,3.1,3,3.4,,,,,,
2026-03-30,4.2,3.1,3.1,2.9,2.8,2.7,2.3,2.2,2.1,1.8,1.9,2,2.2,2.2,2.5,2.5,2.3,1.9,2.1,1.9,1.8,2.2,2.3,3.2,,,,,,
2026-03-29,2.5,2.4,2.7,2.7,3.2,3.3,4.6,5.2,4.2,4.4,4.8,4,3.4,4,1.8,1.8,1.9,2.4,2.4,2.5,2.3,2.3,2.3,2.4,,,,,,
2026-03-28,3.9,4,4.2,3.6,3.6,4,3.9,4.1,5,4,3.3,4,4.3,3.3,3,2.8,2.5,3.7,3.4,3.5,3.7,3.7,3.6,3.6,,,,,,
2026-03-27,3.5,3.7,3.1,3,3.1,2.9,2.9,2.9,2.9,2.9,2.9,3.8,3.7,3.7,4,3.8,3.9,,4,4.3,4.2,3.9,3.6,3.6,,,,,,
2026-03-25,,,,,,,,,,,,,,,,,,3.5,2.9,2.8,3.3,4.3,3.4,3.5,,,,,,
2026-03-24,3.5,2.6,2.3,2.4,2.9,,2.8,3.2,3,2.8,3.1,3,4.4,3.4,2.3,2.3,3.1,13.5,11.1,8.8,5,4.4,3.9,3.7,,,,,,
2026-03-23,4.3,4.9,4.8,4.9,4.9,5,4.9,4.9,5.1,4.8,4.5,5.1,5.5,7.4,9,9.2,9.5,2.8,2.8,3,3.1,3.2,3.3,3.5,,,,,,
2026-03-22,5,5,4.4,3.3,3.3,3,2.6,2.5,2.2,2.1,2,2.1,2.2,2.5,2.6,2.4,2.6,2.5,2.2,2.3,2.7,3.1,5.6,4.2,,,,,,
2026-03-21,2.9,2.7,2.7,2.7,2.8,2.7,2.8,2.8,2.9,2.9,2.9,2.7,2.8,2.7,2.8,2.5,2.4,3.5,3.1,2.5,2.1,2.2,2.5,2.7,,,,,,
2026-03-20,5.7,5.4,5.4,5.3,5.5,4.8,4.8,4.2,3.7,3.7,6.7,7.1,4.6,4.1,4.8,4.5,3.8,11.4,11.3,11.1,10.9,6.6,5.9,7,,,,,,
2026-03-19,5.3,4.8,4.3,3.6,3.8,3.7,3.9,4.1,4.6,5.1,6.7,10.2,8.7,8.3,8.8,9.2,9.9,5.3,3.9,3.4,3.6,3.8,3.8,4.1,,,,,,
2026-03-18,7.2,5.6,4.5,4.5,3.2,2.8,2.7,3,3.2,3.2,3.3,4.3,7.3,11.7,10.4,9.4,5.8,5.8,6.2,7.8,7.7,8,8.2,8.7,,,,,,
2026-03-17,3.9,4,4.1,4,4.1,4.2,5.3,6.2,5.6,4.8,5.8,5.3,5.5,5.2,5.3,4.8,5.5,3.8,4.5,4.4,4.9,4.9,4.3,3.7,,,,,,
2026-03-16,10.6,10.5,10.5,8.5,6.6,6,6.3,4.5,3.9,3.7,3.4,4.1,4.6,7.1,7.4,5.5,4.6,9.2,7.9,8.3,8.9,9,9.5,10.5,,,,,,
2026-03-15,4.4,5,3.6,2.5,2.3,2.3,2.5,2.7,2.9,3.2,3.9,7,11.4,5.1,4.7,4.3,6.1,3.4,3.3,3.7,4.5,4.3,4.1,3.2,,,,,,
2026-03-14,10.7,3.7,2.2,2.2,2.1,2,2,2,2,2,2.1,2.2,3,3.9,5,3.9,3.1,1.6,1.8,2,2.1,1.4,1.6,1.8,,,,,,
2026-03-13,1.4,1.4,1.5,1.4,1.5,1.6,1.6,1.5,1.5,1.8,1.9,1.7,1.9,2,1.6,1.6,1.6,1.6,1.5,1.5,1.4,1.4,1.4,1.5,,,,,,
2026-03-12,2.1,2.4,2.6,2.6,2.6,2.8,3,3.2,3.5,3.6,3.5,5.1,5.8,7.4,7.8,1.6,1.5,1.5,1.5,1.4,1.4,1.4,1.4,1.6,,,,,,
2026-03-11,1.9,1.9,1.9,3.6,3.8,2,1.9,2.1,2,2.2,2.1,1.9,1.9,2,1.8,1.7,1.6,3.7,3.3,3,2.6,2.3,2.1,2.2,,,,,,
2026-03-10,2.6,3.8,3.1,2.8,3.3,4.2,3.3,3.5,3.7,3.5,2.5,3,4.8,6.4,7.1,4,3.5,5.3,4.5,4,4.2,4.5,3,2.9,,,,,,
2026-03-09,4.9,5,3.7,2.8,2.8,2.4,2.2,2.4,2.4,2.3,2.2,2.2,2.3,3,2.7,3.5,3.8,5.8,6.2,6.3,6.5,7,6.1,5.8,,,,,,
2026-03-08,1.9,1.8,1.9,2.5,3.3,4.1,3.8,3,2.9,2.2,2,2.2,2.7,3.6,4,4.5,5.1,5.1,4.2,,3,2.3,2.2,1.8,,,,,,
2026-03-07,2.9,3.3,2.5,2.8,2.5,2.4,3.1,3.1,3.1,2.7,3.2,5.1,6.2,5.1,4.5,3.7,4.2,4.2,3.3,3.1,2.4,2.3,2.9,2.8,,,,,,
2026-03-06,4.4,4.6,4.5,4.2,3.6,3.8,4,3.8,3.6,4,4.5,4.9,4.5,4.9,4.7,5,4.6,9,7.8,7.1,6.3,5.8,6.2,5.3,,,,,,
2026-03-05,2.6,2.7,2.7,2.9,3.2,3.8,4.1,4,4.2,4.8,5.8,7.3,10,13.5,15.4,13.4,11.1,3.3,2.5,1.9,1.7,1.9,2,2.4,,,,,,
2026-03-04,1.7,1.8,2.3,2,1.9,1.8,1.7,1.8,1.9,1.9,1.8,2.1,2,2,2.4,2.7,2.8,3.7,3.4,3.5,3.1,2.8,2.3,1.8,,,,,,
2026-03-03,6.6,5.9,4,3.1,2.7,2.2,2,2.4,2.8,3.2,3.4,3.7,3.9,3,3.3,4.2,4,18,22.1,30.6,24.4,16,13.6,6.4,,,,,,
2026-03-02,3.8,3.8,5,6,7.8,6.6,6.1,5.2,4.5,4.7,5.6,6.5,10.1,14,16.9,17.3,18.3,4.5,7.1,3.7,3.9,3.8,4.1,3.9,,,,,,
2026-03-01,8.5,9.1,8.9,8,6.5,5.6,5.8,5.5,5.1,5.5,5.2,6.3,8.5,7,8.2,8,3.8,11.5,9.9,8.8,7.9,7.4,7.5,8.2,,,,,,
2026-02-28,7.4,7.6,7.1,6.2,5.7,4.9,4.3,3.6,3.6,4.2,5.5,5.7,8.8,10.6,14.7,14.9,11.6,6.2,5.7,6.4,6.6,6.6,6.6,8.8,,,,,,
2026-02-27,14.3,8.8,7.5,7.2,6.6,3.8,3.9,3,2.9,2.7,3.5,5.4,8.1,8,10.5,9.5,6.1,18.5,20.8,19.6,15,13.8,15,15.2,,,,,,
2026-02-26,12.3,11.9,8.4,6.4,4.4,5.6,4.7,3.1,2.9,2.8,3,4.8,8.9,11.2,12.5,11.3,13.6,8.4,10,9.8,12.5,10.6,11.1,10.8,,,,,,
2026-02-25,3,4.2,6.2,6.8,5.4,4.5,4.5,3.6,3,3,3.3,3.6,5.2,4.1,4.8,6.3,6.9,5.5,7,7.2,5.3,4,3.3,2.7,,,,,,
2026-02-24,1.6,1.6,2.3,4.8,4.2,3.3,3.8,3,2.9,3,3.3,3.9,5.8,5.5,7.8,4.5,4.9,3,4.3,4.8,4.1,3.2,1.7,1.5,,,,,,
2026-02-23,2.1,2.2,2.6,2.1,1.9,1.7,1.8,2.6,3,3.4,3.5,4.1,4.7,7,9,8.8,2.3,2,2.1,1.7,1.8,1.8,1.8,1.9,,,,,,
2026-02-22,2.6,3.7,4.4,5,4.6,3.2,4.4,3,4.7,4,5.2,6.8,4.1,3.3,3.3,1.9,1.8,2.9,2.8,2.8,2.7,2.4,2.4,2.4,,,,,,
2026-02-21,3.8,3.2,2.7,2.9,3,2.7,2.3,2.1,2,2.2,3.2,3.6,3.9,3.8,3.6,3.3,3.1,3,2.6,2.4,2.3,2.1,2.6,3.3,,,,,,
2026-02-20,7.7,5.5,5,4.8,3.4,2.6,,,2.1,2.2,3.2,9.1,15.3,8.8,4.4,3.1,3.2,8.7,7.4,7.8,7.3,6.1,5.8,5.8,,,,,,
2026-02-19,7.8,8.6,6.8,5.5,3.9,3,2.8,2.8,2.5,3.2,4.3,2.8,4.8,6.5,4,4.8,13.9,3.5,2.9,2.4,2.2,2.5,2.3,3.1,,,,,,
2026-02-18,1.9,1.8,1.9,2.2,2.3,2,2.1,2.3,2,2.4,2.8,4.4,8.2,5.4,6,6.8,5.4,6.8,10.2,5.7,3.5,2.8,2.8,2.1,,,,,,
2026-02-17,1.5,1.6,1.6,1.4,1.6,2,1.8,1.6,1.9,1.7,2.6,4.2,3.4,4,5,7.5,9,3.5,3.2,2.6,2,1.7,1.6,1.5,,,,,,
2026-02-16,6.6,7.2,3.4,2.2,1.9,2,2,2.5,2.2,2.2,2.7,3.8,4,5,6.1,4.6,4.6,5,5.6,6.1,4.3,4.2,4.7,5.1,,,,,,
2026-02-15,3.7,3.8,3.4,3.3,3.3,3.5,3.7,3.8,3.7,3.1,3.5,5.5,7.8,5.7,5.5,5.2,5.6,4,4,4.1,4,4.4,4.3,3.8,,,,,,
2026-02-14,8,9.2,9.7,9.7,8,5.3,5.8,4.8,4.4,4.7,4,4.7,4.7,4.7,4.7,4.3,4,4.4,5.6,5.9,8.8,8.3,8.1,7.7,,,,,,
2026-02-13,4.9,4.9,4.7,4,3.2,3.9,4,3.1,3.3,4.4,6.3,7.6,7.4,6.9,5.1,3.8,3.9,11.6,8.1,6,5.3,5.5,5.3,4.6,,,,,,
2026-02-12,9.4,9.4,8.3,9,7.6,6.7,6.7,6.5,7.8,6.5,6.3,10.6,14.7,18.1,24.1,22.4,20.5,5.9,5.7,5.1,4.4,4.3,4.4,5.9,,,,,,
2026-02-11,4.8,5,4.3,3.6,3.7,3.4,3.2,3.7,2.4,2.4,2.6,3.7,4.5,4.4,5,4,5,3.8,4.4,4.4,4.2,4.4,4.7,4.9,,,,,,
2026-02-10,4.1,5.2,7.7,6.1,3.9,2.1,1.8,1.7,1.8,1.8,2,2.4,2.6,2.3,2.5,2.3,2.3,6.7,6,3.9,3.9,6.3,6.4,4.2,,,,,,
2026-02-09,2.7,2.7,2.7,2.7,2.8,2.7,2.6,2.7,2.6,2.8,3.3,4.8,8.9,9.9,10.9,13.2,8.3,2.6,2.1,2.3,2.3,2,2.1,2.5,,,,,,
2026-02-08,2.3,2,2.1,2.1,2.1,2.1,2.4,2.3,3.2,4.5,4.8,3.4,5,6.7,6.8,5.4,4.3,3.4,3.8,2.8,2.4,2,1.7,1.9,,,,,,
2026-02-07,8.9,9.2,6.5,7.7,8.9,9.4,10.7,8.5,6.1,6.5,4.7,4.3,5.2,3.7,3.8,3.6,3.3,9.8,10.2,10.1,9.8,8.2,8.4,10.1,,,,,,
2026-02-06,7.3,9.4,8.4,7.1,6,5.5,4.2,4.7,4.9,4.7,5.3,6.9,7.7,10,10.2,11.1,10.8,4.7,4.8,4.8,4.5,4.7,6,6.4,,,,,,
2026-02-05,5.1,4.8,4.3,4.7,4.5,4.1,3.9,4.4,5.5,5.9,6.2,6.2,6.2,6.1,5.4,5.4,5,6.3,7.2,7,7.7,8,6.7,5.6,,,,,,
2026-02-04,3.2,3.3,3.1,2.8,2.6,2.7,2.7,2.7,3.2,3.3,4,5.3,5.9,6.3,6.4,5.8,5.3,3.1,3.1,3.2,3.3,3.3,3.2,3.3,,,,,,
2026-02-03,4,4.8,4.8,4.7,3.6,3.3,2.8,2.7,2.8,3.1,3.6,4.3,4,3.7,3.4,3,3.1,3.4,2.8,2.7,2.9,3.2,3.3,3.4,,,,,,
2026-02-02,9.2,7.4,4,5,6.2,6.1,4.3,4.1,4,5.2,10.4,9.7,10.4,13,8.4,5.3,4.8,17.8,18.3,18.6,16.2,12.9,11.2,10.5,,,,,,
2026-02-01,5.8,3.4,2.6,2.6,2.6,2.9,3.3,3.3,3.4,3.9,5.9,10.4,12.2,10.9,13.7,15.1,15.6,12.3,15,14,12.1,10.3,9.9,9.9,,,,,,
2026-01-31,5.1,6,7.1,7,6,3.5,4.2,4.3,4.2,5.3,5.8,7.6,8.2,12.9,15,12.2,17,7.9,5.4,6.1,6,4.4,4.2,3.8,,,,,,
2026-01-30,7,7.8,7.4,7.6,5.8,7.6,6.4,5.6,5.8,10.1,15.5,10,11.2,10.8,17.1,14.1,10.4,4.4,7,8.5,6.8,6.4,8.3,6.5,,,,,,
2026-01-29,4.9,4.5,4.3,4.1,4.3,5.7,5.9,6.4,6.6,7.9,9.5,9.6,9.1,34.7,12.4,4.6,4.1,5.8,5.2,5.4,4.3,4.3,3.9,4.4,,,,,,
2026-01-28,11.5,11.6,12.2,20,17.8,25.9,4.9,5.7,9.1,14,13.7,16.7,20,27.2,25.4,14.4,6.3,10.4,11,11.2,12.1,13,12.9,11.1,,,,,,
2026-01-27,13.5,14,18.7,27.2,26.9,23.8,20.3,17.8,10.5,10.7,11.4,12.1,11.9,10.9,10.7,10.5,10.3,11.4,9,9.4,9.8,10.7,11.7,12.4,,,,,,
2026-01-26,21.2,21.9,21.5,18.7,11.7,12.6,7.8,6.5,7.5,8.2,7.7,8,9.8,10.6,12.8,13.4,11.6,24.3,27.9,24.6,23.5,20.7,21.6,19.2,,,,,,
2026-01-25,14.7,18.4,16,11.9,19.2,18,10.9,7.3,26.2,18.1,9,8.5,9.2,9,10.5,12.6,17.3,11.1,13.4,11.1,9.8,7.3,8.9,11.5,,,,,,
2026-01-24,6.5,7.8,8.1,7.3,7.6,7.6,7.4,7,7.9,8.7,11.2,11.1,7.4,13.2,11.6,10.3,9.6,6.3,5.5,5.9,5.5,5.8,6.6,6.7,,,,,,
2026-01-23,6.6,8.9,7.5,5.4,6.4,7.2,6.4,6.3,5.9,9.9,5.9,6.5,8,7.9,6,5.8,6.1,5.4,6.3,7.2,6.7,6.2,6,6.3,,,,,,
2026-01-22,4.8,5,5.6,5.4,5.1,4.8,4.5,4.6,5.4,8.1,9.6,8.8,5.9,7.4,6.7,5.9,5.1,5.3,5.5,5.2,5.3,5.7,5.2,4.6,,,,,,
2026-01-21,5.6,5.7,7.6,7,6.8,9.1,9.4,5.1,5.1,5.3,6.1,6,5.8,6.1,6.3,6.2,5.5,4.7,4.8,4.9,5.1,5.4,5.5,5.6,,,,,,
2026-01-20,4.6,4,3.6,4.1,6,4.5,4.8,4.5,4.7,5.2,9.8,7.2,4.9,4.7,4.8,4.7,4.8,4.8,4.8,4.7,4.5,4.6,4.9,4.8,,,,,,
2026-01-19,4.9,5.4,5.2,5,6,6.8,7.5,7.8,5.6,5.2,5.6,5.9,5.9,5.8,5.5,5.3,5,3.8,3.7,3.6,3.8,4,4.5,4.6,,,,,,
2026-01-18,6,6.5,7.9,7.6,4.3,4,4,3.9,3.9,4,4.4,4.4,4.4,4.3,3.9,3.8,3.7,9.3,8.5,7.2,7.2,8.5,7.9,6.6,,,,,,
2026-01-17,4.9,5.1,6.2,7.1,11.8,7.9,9.6,6.7,5.6,4.9,4.6,5.1,6.2,6.4,6.2,8.3,9.5,3.1,3.1,3.3,3.6,3.9,3.9,4.6,,,,,,
2026-01-16,3.1,3.3,3.1,3.4,3.4,3.6,3.7,3.7,3.4,3.4,3.5,3.4,3.2,3.2,3.1,3,3.1,4.4,3.3,3.4,3.4,3,2.9,3,,,,,,
2026-01-15,10.2,10.6,9.4,6.2,5.3,4.9,5,5,5.2,4.4,4,3.9,3.8,4,3.7,3.4,4.7,19.3,18.7,17.7,16.9,12.2,11.8,10.4,,,,,,
2026-01-14,15.4,14.9,6.9,6.2,7.3,9.4,10,11.8,11.8,10.7,12,10.3,10.7,17.2,19.8,17.9,22.1,35.8,42.6,33.7,22.2,18.1,17.7,15.1,,,,,,
2026-01-13,27.2,27.1,24.1,15.6,12,11.9,9.2,11.1,9.3,8.2,9,16.3,16.6,21.4,30.7,31.4,33.3,29.3,32.1,28.6,42.9,29.1,26.7,26.6,,,,,,
2026-01-12,8.2,8,9.6,8,4.7,4,4.2,4,4.2,7.5,16.4,22.6,13.4,16.1,24.1,27.5,29.5,24.3,16.6,15.8,16.8,12.5,11.8,9.5,,,,,,
2026-01-11,18.4,19.2,12.6,11.5,6.6,6.2,5.7,4.9,6,9.5,14.2,18.1,25.6,25.1,25.5,29.6,27.7,34.8,34.3,24.4,22.3,24.9,19.3,19.1,,,,,,
2026-01-10,13.8,13.2,11.5,8.2,8.1,6.4,5.3,7.2,7.1,8.2,16.3,18.7,21.8,27.6,41.9,41.7,37.5,21.8,21,20.5,19.1,18.7,16.4,13.7,,,,,,
2026-01-09,4.6,5.3,5.6,3.9,2.7,2.4,2.4,2.5,2.4,3.1,5.5,9.7,16.1,18.4,20,21.7,25.2,2.4,2.3,2.2,2.3,2.3,2.5,3.9,,,,,,
2026-01-08,3.5,4,3.2,3,3.2,3.5,3.8,3.5,4,4,3.6,3.2,3.4,2.8,2.5,2.3,2.4,2.9,3.2,3.4,3.7,3.4,3.2,3.4,,,,,,
2026-01-07,3.1,3.2,3.1,3.2,2.9,2,2.1,7.8,3.4,2.7,2.6,2.7,2.7,2.6,2.8,2.8,2.7,1.9,2.5,2.2,2.1,2.3,2.4,2.9,,,,,,
2026-01-06,6.6,5.8,3.1,2.2,2.1,2.2,2.1,2.1,2.2,2.2,2.4,3.1,2.6,2.1,2,1.9,1.6,8.6,8.1,8.3,7.9,7.1,5.9,5.9,,,,,,
2026-01-05,6.6,4.9,5.8,6.5,6,4.3,2.5,2.2,2.6,2.9,4.3,13.9,16.8,18,22.1,24.4,21.3,2,2.3,2,1.9,1.9,2.2,2.6,,,,,,
2026-01-04,1.5,1.4,1.7,1.8,2.3,3.3,2.7,2.6,1.6,2.3,2.9,3.4,3,2.3,2.6,2.3,2.1,,1.8,1.5,1.3,1.4,1.2,1.2,,,,,,
,,,,,,,,,,,,,,,,,,,,,,,,,1,,,1.8,,
